USE cubit_db;


INSERT INTO roles (id, name) VALUES 
(1, 'admin'),
(2, 'user');

INSERT INTO users (username, password, last_presence, last_presence_at, updated_at, created_at) VALUES
('admin',  'password', '', '2020-09-30 08:00:00+08:00', '2020-09-30 08:00:00+08:00', '2020-09-30 08:00:00+08:00'),
('room01', 'password', '', '2020-09-30 08:00:00+08:00', '2020-09-30 08:00:00+08:00', '2020-09-30 08:00:00+08:00'),
('room02', 'password', '', '2020-09-30 08:00:00+08:00', '2020-09-30 08:00:00+08:00', '2020-09-30 08:00:00+08:00'),
('room03', 'password', '', '2020-09-30 08:00:00+08:00', '2020-09-30 08:00:00+08:00', '2020-09-30 08:00:00+08:00'),
('room04', 'password', '', '2020-09-30 08:00:00+08:00', '2020-09-30 08:00:00+08:00', '2020-09-30 08:00:00+08:00'),
('room05', 'password', '', '2020-09-30 08:00:00+08:00', '2020-09-30 08:00:00+08:00', '2020-09-30 08:00:00+08:00');

INSERT INTO user_role (username, role_id) VALUES
('admin',  1),
('room01', 2),
('room02', 2),
('room03', 2),
('room04', 2),
('room05', 2);

INSERT INTO rooms (id, username, name, `type`, created_at, updated_at) VALUES
(1, 'admin',  'Room QC', 'qc',     '2020-09-30 09:00:00+08:00', '2020-09-30 09:00:00+08:00'),
(2, 'room01', 'Room 01', 'normal', '2020-09-30 09:00:00+08:00', '2020-09-30 09:00:00+08:00'),
(3, 'room02', 'Room 02', 'normal', '2020-09-30 09:00:00+08:00', '2020-09-30 09:00:00+08:00'),
(4, 'room03', 'Room 03', 'normal', '2020-09-30 09:00:00+08:00', '2020-09-30 09:00:00+08:00'),
(5, 'room04', 'Room 04', 'normal', '2020-09-30 09:00:00+08:00', '2020-09-30 09:00:00+08:00'),
(6, 'room05', 'Room 05', 'normal', '2020-09-30 09:00:00+08:00', '2020-09-30 09:00:00+08:00');

INSERT INTO room_video_streams (id, input, broadcast, routes, `type`, room_id) VALUES
(1,  '', '', '{"room01": "srt://10.189.153.255:39991", "room02": "srt://10.189.153.255:39992", "room03": "srt://10.189.153.255:39993", "room04": "srt://10.189.153.255:39994", "room05": "srt://10.189.153.255:39995"}', 'camera', 1),
(2,  '', '', '{"user": "srt://10.189.153.255:65101", "admin": "srt://10.189.153.255:65102"}', 'device', 2),
(3,  '', '', '{"user": "srt://10.189.153.255:65103", "admin": "srt://10.189.153.255:65104"}', 'camera', 2),
(4,  '', '', '{"user": "srt://10.189.153.255:65106", "admin": "srt://10.189.153.255:65107"}', 'device', 3),
(5,  '', '', '{"user": "srt://10.189.153.255:65108", "admin": "srt://10.189.153.255:65109"}', 'camera', 3),
(6,  '', '', '{"user": "srt://10.189.153.255:65111", "admin": "srt://10.189.153.255:65112"}', 'device', 4),
(7,  '', '', '{"user": "srt://10.189.153.255:65113", "admin": "srt://10.189.153.255:65114"}', 'camera', 4),
(8,  '', '', '{"user": "srt://10.189.153.255:65116", "admin": "srt://10.189.153.255:65117"}', 'device', 5),
(9,  '', '', '{"user": "srt://10.189.153.255:65118", "admin": "srt://10.189.153.255:65119"}', 'camera', 5),
(10, '', '', '{"user": "srt://10.189.153.255:20021", "admin": "srt://10.189.153.255:30021"}', 'device', 6),
(11, '', '', '{"user": "srt://10.189.153.255:20020", "admin": "srt://10.189.153.255:30020"}', 'camera', 6);

INSERT INTO roster_versions (username, ver, updated_at, created_at) VALUES
('admin',  1, '2020-10-09 00:00:00+08:00', '2020-10-09 00:00:00+08:00'),
('room01', 1, '2020-10-09 00:00:00+08:00', '2020-10-09 00:00:00+08:00'),
('room02', 1, '2020-10-09 00:00:00+08:00', '2020-10-09 00:00:00+08:00'),
('room03', 1, '2020-10-09 00:00:00+08:00', '2020-10-09 00:00:00+08:00'),
('room04', 1, '2020-10-09 00:00:00+08:00', '2020-10-09 00:00:00+08:00'),
('room05', 1, '2020-10-09 00:00:00+08:00', '2020-10-09 00:00:00+08:00');

INSERT INTO roster_items (username, jid, name, subscription, `groups`, ask, ver, created_at, updated_at) VALUES
('admin',  'room01@localhost', 'room01', 'both', '["work"]', 1, 1, '2020-09-30 09:00:00+08:00', '2020-09-30 09:00:00+08:00'),
('admin',  'room02@localhost', 'room02', 'both', '["work"]', 1, 1, '2020-09-30 09:00:00+08:00', '2020-09-30 09:00:00+08:00'),
('admin',  'room03@localhost', 'room03', 'both', '["work"]', 1, 1, '2020-09-30 09:00:00+08:00', '2020-09-30 09:00:00+08:00'),
('admin',  'room04@localhost', 'room04', 'both', '["work"]', 1, 1, '2020-09-30 09:00:00+08:00', '2020-09-30 09:00:00+08:00'),
('admin',  'room05@localhost', 'room05', 'both', '["work"]', 1, 1, '2020-09-30 09:00:00+08:00', '2020-09-30 09:00:00+08:00'),
('room01', 'admin@localhost',  'admin',  'both', '["work"]', 1, 1, '2020-09-30 09:00:00+08:00', '2020-09-30 09:00:00+08:00'),
('room02', 'admin@localhost',  'admin',  'both', '["work"]', 1, 1, '2020-09-30 09:00:00+08:00', '2020-09-30 09:00:00+08:00'),
('room03', 'admin@localhost',  'admin',  'both', '["work"]', 1, 1, '2020-09-30 09:00:00+08:00', '2020-09-30 09:00:00+08:00'),
('room04', 'admin@localhost',  'admin',  'both', '["work"]', 1, 1, '2020-09-30 09:00:00+08:00', '2020-09-30 09:00:00+08:00'),
('room05', 'admin@localhost',  'admin',  'both', '["work"]', 1, 1, '2020-09-30 09:00:00+08:00', '2020-09-30 09:00:00+08:00');

INSERT INTO roster_groups (username, jid, `group`, created_at, updated_at) VALUES
('admin',  'room01@localhost', 'work', '2020-09-30 09:00:00+08:00', '2020-09-30 09:00:00+08:00'),
('admin',  'room02@localhost', 'work', '2020-09-30 09:00:00+08:00', '2020-09-30 09:00:00+08:00'),
('admin',  'room03@localhost', 'work', '2020-09-30 09:00:00+08:00', '2020-09-30 09:00:00+08:00'),
('admin',  'room04@localhost', 'work', '2020-09-30 09:00:00+08:00', '2020-09-30 09:00:00+08:00'),
('admin',  'room05@localhost', 'work', '2020-09-30 09:00:00+08:00', '2020-09-30 09:00:00+08:00'),
('room01', 'admin@localhost',  'work', '2020-09-30 09:00:00+08:00', '2020-09-30 09:00:00+08:00'),
('room02', 'admin@localhost',  'work', '2020-09-30 09:00:00+08:00', '2020-09-30 09:00:00+08:00'),
('room03', 'admin@localhost',  'work', '2020-09-30 09:00:00+08:00', '2020-09-30 09:00:00+08:00'),
('room04', 'admin@localhost',  'work', '2020-09-30 09:00:00+08:00', '2020-09-30 09:00:00+08:00'),
('room05', 'admin@localhost',  'work', '2020-09-30 09:00:00+08:00', '2020-09-30 09:00:00+08:00');

